{"script_blacklist_server":[{"severity":"2","rules":["/https?:\\/\\/userscripts\\.org\\/scripts\\/(source|version)/(102614).*\\.user\\.js/"]},{"name":"SaveFrom.net helper","severity":"3","rules":["/https?:\\/\\/sf-addon\\.com\\/.*\\/.*\\.user\\.js/","/https?:\\/\\/.*\\.sf-helper\\.com\\/.*\\.user\\.js/"],"reason":"Shows advertisements"},{"severity":"8","reasons":{"en":"Used for a phishing compain to compromise users of baon-nutrition.com"},"rules":["/https?:\\/\\/files\\.ulysse\\.travel\\/.*\\.user\\.js/"]}],"external_update_interval":86400000,"scriptUpdateCheckPeriod":21600000,"configMode":100,"autoReload":true,"scriptUpdateCheckDisabled":true,"sync_enabled":true,"sync_type":"2","reset_sync":null,"layout":"default","layout_user_css":"","notification_showUpdate":"notification","favicon_service":"native","editor_enabled":true,"editor_theme":"default","editor_fontSize":"100","editor_keyMap":"windows","editor_indentUnit":"4","editor_indentWithTabs":"spaces","editor_tabMode":"indent","editor_lineWrapping":false,"editor_electricChars":true,"editor_autoSave":true,"editor_easySave":true,"editor_highlightTrailingWhitespace":true,"editor_trimTrailingSpacesFromModifiedLines":true,"editor_autoLint":true,"editor_autoLintMaxLen":"300000","editor_linter_config":null,"webrequest_fixCSP":"yes","webrequest_modHeaders":"yes","script_file_access":"off","external_connect":"all","require_sri_mode":"supported","connect_mode":"ask","page_filter_mode":"off","page_whitelist":["/https?:\\/\\/greasyfork\\.org\\/.*/","http://xkcd.com/970/"],"forbiddenPages":["*example.org/*","*paypal.tld/*","*stripe.com/*","https://*deutsche-bank-24.tld/*","https://*bankofamerica.tld/*","/^.*:\\/\\/apis\\.google\\.com\\/((?!render)([^\\/]+)\\/)+([^\\/]+)?$/","*://www.facebook.com/plugins/*","*://platform.twitter.com/widgets/*"]}